##### Exercise 00

Checks for the file day08_ex00.sql

- The SQL scripts look like below.

  -- Session #1
  BEGIN;

  update pizzeria
  set rating = 5
  where name = 'Pizza Hut';

  select *
  from pizzeria
  where name  = 'Pizza Hut';

  COMMIT;

  --Session #2
  select *
  from pizzeria
  where name  = 'Pizza Hut';
- The result of Session #1

  => begin;
  BEGIN
  =*> update pizzeria set rating = 5 where name = 'Pizza Hut';
  UPDATE 1
  =*> select * from pizzeria where name = 'Pizza Hut';
  id |   name    | rating
  ---+-----------+--------
  1  |Pizza Hut  |    5
  (1 row)
  =*> commit;
  COMMIT
- The result of Session #2

  => select * from pizzeria where name = 'Pizza Hut';
  id |   name    | rating
  ---+-----------+--------
  1  |Pizza Hut  |    4.6
  (1 row)
  => select * from pizzeria where name = 'Pizza Hut';
  id |   name    | rating
  ---+-----------+--------
  1  |Pizza Hut  |    5
  (1 row)


##### Exercise 01

Checks for the file day08_ex01.sql

- The SQL script looks like below.

  -- Session #1
  begin transaction isolation level read committed;
  select * from pizzeria where  name  = 'Pizza Hut';
  update pizzeria set rating = 4 where name  = 'Pizza Hut';
  commit;
  select * from pizzeria where  name  = 'Pizza Hut';

  --Session #2
  begin transaction isolation level read committed;
  select * from pizzeria where  name  = 'Pizza Hut';
  update pizzeria set rating = 3.6 where name  = 'Pizza Hut';
  commit;
  select * from pizzeria where  name  = 'Pizza Hut';
- The result of Session #1

  => begin transaction isolation level read committed;
  BEGIN
  =*> select * from pizzeria where name = 'Pizza Hut';
  id |   name    | rating
  ---+-----------+--------
  1  |Pizza Hut  |    5
  (1 row)
  =*> update pizzeria set rating = 4 where name = 'Pizza Hut';
  UPDATE 1
  =*> commit;
  COMMIT
  =*> select * from pizzeria where name = 'Pizza Hut';
  id |   name    | rating
  ---+-----------+--------
  1  |Pizza Hut  |    3.6
  (1 row)
- The result of Session #2

  => begin transaction isolation level read committed;
  BEGIN
  => select * from pizzeria where name = 'Pizza Hut';
  id |   name    | rating
  ---+-----------+--------
  1  |Pizza Hut  |    5
  (1 row)
  =*> update pizzeria set rating = 3.6 where name = 'Pizza Hut';
  UPDATE 1
  =*> commit;
  COMMIT
  => select * from pizzeria where name = 'Pizza Hut';
  id |   name    | rating
  ---+-----------+--------
  1  |Pizza Hut  |    3.6
  (1 row)



##### Exercise 02

Checks for the file day08_ex02.sql

- The SQL script looks like below.

  -- Session #1
  begin transaction isolation level repeatable read;
  select * from pizzeria where  name  = 'Pizza Hut';
  update pizzeria set rating = 4 where name  = 'Pizza Hut';
  commit;
  select * from pizzeria where  name  = 'Pizza Hut';

  --Session #2
  begin transaction isolation level repeatable read;
  select * from pizzeria where  name  = 'Pizza Hut';
  update pizzeria set rating = 3.6 where name  = 'Pizza Hut';
  commit;
  select * from pizzeria where  name  = 'Pizza Hut';
- The result of Session #1

  => begin transaction isolation level repeatable read ;
  BEGIN
  =*> select * from pizzeria where name = 'Pizza Hut';
  id |   name    | rating
  ---+-----------+--------
  1  |Pizza Hut  |    3.6
  (1 row)
  =*> update pizzeria set rating = 4 where name = 'Pizza Hut';
  UPDATE 1
  =*> commit;
  COMMIT
  =*> select * from pizzeria where name = 'Pizza Hut';
  id |   name    | rating
  ---+-----------+--------
  1  |Pizza Hut  |    4
  (1 row)
- The result of Session #2

  => begin transaction isolation level repeatable read ;
  BEGIN
  =*> select * from pizzeria where name = 'Pizza Hut';
  id |   name    | rating
  ---+-----------+--------
  1  |Pizza Hut  |    3.6
  (1 row)
  =*> update pizzeria set rating = 3.6 where name = 'Pizza Hut';
  ERROR: could not serialize access due to concurent update
  =!> commit;
  ROLLBACK
  =*> select * from pizzeria where name = 'Pizza Hut';
  id |   name    | rating
  ---+-----------+--------
  1  |Pizza Hut  |    4
  (1 row)



##### Exercise 03

Checks for the file day08_ex03.sql

- The SQL script looks like below.

  -- Session #1
  begin transaction isolation level read committed;
  select * from pizzeria where  name  = 'Pizza Hut';
  select * from pizzeria where  name  = 'Pizza Hut';
  commit;
  select * from pizzeria where  name  = 'Pizza Hut';

  --Session #2
  begin transaction isolation level read committed;
  update pizzeria set rating = 3.6 where name  = 'Pizza Hut';
  commit;
  select * from pizzeria where  name  = 'Pizza Hut';
- The result of Session #1

  => begin transaction isolation level read committed ;
  BEGIN
  =*> select * from pizzeria where name = 'Pizza Hut';
  id |   name    | rating
  ---+-----------+--------
  1  |Pizza Hut  |    4
  (1 row)
  =*> select * from pizzeria where name = 'Pizza Hut';
  id |   name    | rating
  ---+-----------+--------
  1  |Pizza Hut  |    3.6
  (1 row)
  =*> commit;
  COMMIT
  => select * from pizzeria where name = 'Pizza Hut';
  id |   name    | rating
  ---+-----------+--------
  1  |Pizza Hut  |    3.6
  (1 row)
- The result of Session #2

  => begin transaction isolation level read committed ;
  BEGIN
  =*> update pizzeria set rating = 3.6 where name = 'Pizza Hut';
  UPDATE 1
  =*> commit;
  COMMIT
  => select * from pizzeria where name = 'Pizza Hut';
  id |   name    | rating
  ---+-----------+--------
  1  |Pizza Hut  |    3.6
  (1 row)



##### Exercise 04

Checks for the file day08_ex04.sql

- The SQL script looks like below.

  -- Session #1
  begin transaction isolation level serializable;
  select * from pizzeria where  name  = 'Pizza Hut';
  select * from pizzeria where  name  = 'Pizza Hut';
  commit;
  select * from pizzeria where  name  = 'Pizza Hut';

  --Session #2
  begin transaction isolation level serializable;
  update pizzeria set rating = 3.6 where name  = 'Pizza Hut';
  commit;
  select * from pizzeria where  name  = 'Pizza Hut';
- The result of Session #1

  => begin transaction isolation level serializable ;
  BEGIN
  => select * from pizzeria where name = 'Pizza Hut';
  id |   name    | rating
  ---+-----------+--------
  1  |Pizza Hut  |    3.6
  (1 row)
  => select * from pizzeria where name = 'Pizza Hut';
  id |   name    | rating
  ---+-----------+--------
  1  |Pizza Hut  |    3.6
  (1 row)
  => commit;
  COMMIT
  => select * from pizzeria where name = 'Pizza Hut';
  id |   name    | rating
  ---+-----------+--------
  1  |Pizza Hut  |    3.0
  (1 row)
- The result of Session #2

  => begin transaction isolation level serializable ;
  BEGIN
  =*> update pizzeria set rating = 3.6 where name = 'Pizza Hut';
  UPDATE 1
  =*> commit;
  COMMIT
  =*> begin transaction isolation level serializable ;
  BEGIN
  =*> update pizzeria set rating = 3.0 where name = 'Pizza Hut';
  UPDATE 1
  => commit;
  COMMIT
  => select * from pizzeria where name = 'Pizza Hut';
  id |   name    | rating
  ---+-----------+--------
  1  |Pizza Hut  |    3.0
  (1 row)



##### Exercise 05

Checks for the file day08_ex05.sql

- The SQL script looks like below.

  -- Session #1
  begin transaction isolation level read committed;
  select sum(rating) from pizzeria;
  select sum(rating) from pizzeria;
  commit;
  select sum(rating) from pizzeria;

  --Session #2
  begin transaction isolation level read committed;
  update pizzeria set rating = 1 where name  = 'Pizza Hut';
  commit;
  select sum(rating) from pizzeria;
- The result of Session #1

  => begin transaction isolation level read committed ;
  BEGIN
  =*> select sum(rating)from pizzeria;

  | sum                                  |
  | ------------------------------------ |
  | 21.9                                 |
  | (1 row)                              |
  | =*> select sum(rating)from pizzeria; |
  | sum                                  |
  | ---                                  |
  | 19.9                                 |
  | (1 row)                              |
  | => commit;                           |
  | COMMIT                               |
  | => select sum(rating)from pizzeria;  |
  | sum                                  |
  | ---                                  |
  | 19.9                                 |
  | (1 row)                              |
- The result of Session #2

  => begin transaction isolation level read committed ;
  BEGIN
  =*> update pizzeria set rating = 1 where name = 'Pizza Hut';
  UPDATE 1
  =*> commit;
  COMMIT
  => select sum(rating) from pizzeria;

  | sum     |
  | ------- |
  | 19.9    |
  | (1 row) |
  |         |



##### Exercise 06

Checks for the file day08_ex06.sql

- The SQL script looks like below.

  -- Session #1
  begin transaction isolation level repeatable read;
  select sum(rating) from pizzeria;
  select sum(rating) from pizzeria;
  commit;
  select sum(rating) from pizzeria;

  --Session #2
  begin transaction isolation level repeatable read;
  update pizzeria set rating = 5 where name  = 'Pizza Hut';
  commit;
  select sum(rating) from pizzeria;
- The result of Session #1
  => begin transaction isolation level repeatable read ;
  BEGIN
  =*> select sum(rating)from pizzeria;

  | sum                                  |
  | ------------------------------------ |
  | 19.9                                 |
  | (1 row)                              |
  | =*> select sum(rating)from pizzeria; |
  | sum                                  |
  | ---                                  |
  | 19.9                                 |
  | (1 row)                              |
  | =*> commit;                          |
  | COMMIT                               |
  | =*> select sum(rating)from pizzeria; |
  | sum                                  |
  | ---                                  |
  | 23.9                                 |
  | (1 row)                              |
- The result of Session #2

  => begin transaction isolation level repeatable read ;
  BEGIN
  =*> update pizzeria set rating = 5 where name = 'Pizza Hut';
  UPDATE 1
  =*> commit;
  COMMIT
  => select sum(rating)from pizzeria;

  | sum     |
  | ------- |
  | 23.9    |
  | (1 row) |
  |         |


##### Exercise 07

Checks for the file day08_ex07.sql

- The SQL script looks like below.

  -- Session #1
  begin;
  update pizzeria set rating = 4 where name = 'Dominos';
  update pizzeria set rating = 4 where name = 'Pizza Hut';
  commit;
  select sum(rating) from pizzeria;

  --Session #2
  begin;
  update pizzeria set rating = 3 where name = 'Pizza Hut';
  update pizzeria set rating = 3 where name = 'Dominos';
  commit;
- The result of Session #1

  => begin;
  BEGIN
  =*> update pizzeria set rating = 4 where name = 'Dominos';
  UPDATE 1
  =*> update pizzeria set rating = 4 where name = 'Pizza Hut';
  UPDATE 1
  =*> commit;
  COMMIT
- The result of Session #2 (should be error is deadlock detected)

  => begin;
  BEGIN
  =*> update pizzeria set rating = 4 where name = 'Pizza Hut';
  UPDATE 1
  =*> update pizzeria set rating = 4 where name = 'Dominos';
  ERROR: deadlock detected
  DETAIL: ...
  =*> commit;
  ROLLBACK
